date,ticker,fng_score,zone,action_signal,executed,units_change,amount_thb,price_usd,price_thb,cash_after_thb,holding_after_units,note
2026-09-13,SPY,33.3428571428571,buy_every_other,buy,True,0.00198,-50.0,764.2899780273438,25252.1416,4950.0,0.00198,ซื้อสำเร็จ
2026-09-13,VOO,33.3428571428571,buy_every_other,buy,True,0.002154,-50.0,702.5599975585938,23212.583,4950.0,0.002154,ซื้อสำเร็จ
2026-09-13,QQQ,33.3428571428571,buy_every_other,buy,True,0.002117,-50.0,714.8800048828125,23619.636,4950.0,0.002117,ซื้อสำเร็จ
2026-09-13,AAPL,33.3428571428571,buy_every_other,buy,True,0.004554,-50.0,332.2699890136719,10978.2007,4950.0,0.004554,ซื้อสำเร็จ
2026-09-13,MSFT,33.3428571428571,buy_every_other,buy,True,0.003053,-50.0,495.6300048828125,16375.6158,4950.0,0.003053,ซื้อสำเร็จ
2026-09-13,NVDA,33.3428571428571,buy_every_other,buy,True,0.006933,-50.0,218.2899932861328,7212.3016,4950.0,0.006933,ซื้อสำเร็จ
2026-09-13,AMZN,33.3428571428571,buy_every_other,buy,True,0.005893,-50.0,256.7799987792969,8484.0114,4950.0,0.005893,ซื้อสำเร็จ
2026-09-13,GOOGL,33.3428571428571,buy_every_other,buy,True,0.004471,-50.0,338.5,11184.0403,4950.0,0.004471,ซื้อสำเร็จ
2026-09-13,BRK-B,33.3428571428571,buy_every_other,buy,True,0.002965,-50.0,510.3699951171875,16862.6251,4950.0,0.002965,ซื้อสำเร็จ
2026-09-16,SPY,28.5428571428571,buy_every_other,buy,False,0.0,0.0,760.0499877929688,25248.8615,4950.0,0.0019800300839423537,โซนวันเว้นวัน - วันนี้ข้าม
2026-09-16,VOO,28.5428571428571,buy_every_other,buy,False,0.0,0.0,698.6199951171875,23208.1571,4950.0,0.002154004148554686,โซนวันเว้นวัน - วันนี้ข้าม
2026-09-16,QQQ,28.5428571428571,buy_every_other,buy,False,0.0,0.0,709.7899780273438,23579.2239,4950.0,0.002116882748172336,โซนวันเว้นวัน - วันนี้ข้าม
2026-09-16,AAPL,28.5428571428571,buy_every_other,buy,False,0.0,0.0,333.2900085449219,11071.8945,4950.0,0.004554480390606426,โซนวันเว้นวัน - วันนี้ข้าม
2026-09-16,MSFT,28.5428571428571,buy_every_other,buy,False,0.0,0.0,493.864990234375,16406.1956,4950.0,0.003053320288200857,โซนวันเว้นวัน - วันนี้ข้าม
2026-09-16,NVDA,28.5428571428571,buy_every_other,buy,False,0.0,0.0,215.4597930908203,7157.5746,4950.0,0.006932599733814352,โซนวันเว้นวัน - วันนี้ข้าม
2026-09-16,AMZN,28.5428571428571,buy_every_other,buy,False,0.0,0.0,247.7449951171875,8230.089,4950.0,0.005893438572100319,โซนวันเว้นวัน - วันนี้ข้าม
2026-09-16,GOOGL,28.5428571428571,buy_every_other,buy,False,0.0,0.0,345.25,11469.2054,4950.0,0.0044706562757748335,โซนวันเว้นวัน - วันนี้ข้าม
2026-09-16,BRK-B,28.5428571428571,buy_every_other,buy,False,0.0,0.0,520.5999755859375,17294.3318,4950.0,0.002965137378427398,โซนวันเว้นวัน - วันนี้ข้าม
2026-09-17,SPY,29.7428571428571,buy_every_other,buy,True,0.001972,-50.0,762.0524291992188,25353.4847,4900.0,0.003952,ซื้อสำเร็จ
2026-09-17,VOO,29.7428571428571,buy_every_other,buy,True,0.002145,-50.0,700.510009765625,23305.9683,4900.0,0.004299,ซื้อสำเร็จ
2026-09-17,QQQ,29.7428571428571,buy_every_other,buy,True,0.002098,-50.0,716.2899780273438,23830.9679,4900.0,0.004215,ซื้อสำเร็จ
2026-09-17,AAPL,29.7428571428571,buy_every_other,buy,True,0.00448,-50.0,335.44000244140625,11160.089,4900.0,0.009035,ซื้อสำเร็จ
2026-09-17,MSFT,29.7428571428571,buy_every_other,buy,True,0.003036,-50.0,495.0249938964844,16469.4818,4900.0,0.006089,ซื้อสำเร็จ
2026-09-17,NVDA,29.7428571428571,buy_every_other,buy,True,0.006865,-50.0,218.91000366210938,7283.1359,4900.0,0.013798,ซื้อสำเร็จ
2026-09-17,AMZN,29.7428571428571,buy_every_other,buy,True,0.005982,-50.0,251.22999572753906,8358.4221,4900.0,0.011875,ซื้อสำเร็จ
2026-09-17,GOOGL,29.7428571428571,buy_every_other,buy,True,0.004357,-50.0,344.92999267578125,11475.821,4900.0,0.008828,ซื้อสำเร็จ
2026-09-17,BRK-B,29.7428571428571,buy_every_other,buy,True,0.002951,-50.0,509.3299865722656,16945.4089,4900.0,0.005916,ซื้อสำเร็จ
2026-09-18,SPY,28.4,buy_every_other,buy,False,0.0,0.0,759.4199829101562,25296.2807,4900.0,0.003952145580259914,โซนวันเว้นวัน - วันนี้ข้าม
2026-09-18,VOO,28.4,buy_every_other,buy,False,0.0,0.0,699.9000244140625,23313.6708,4900.0,0.004299377353333075,โซนวันเว้นวัน - วันนี้ข้าม
2026-09-18,QQQ,28.4,buy_every_other,buy,False,0.0,0.0,716.8099975585938,23876.942,4900.0,0.004214993081600523,โซนวันเว้นวัน - วันนี้ข้าม
2026-09-18,AAPL,28.4,buy_every_other,buy,False,0.0,0.0,334.760009765625,11150.8564,4900.0,0.009034731385395678,โซนวันเว้นวัน - วันนี้ข้าม
2026-09-18,MSFT,28.4,buy_every_other,buy,False,0.0,0.0,493.510009765625,16438.8191,4900.0,0.006089238520936564,โซนวันเว้นวัน - วันนี้ข้าม
2026-09-18,NVDA,28.4,buy_every_other,buy,False,0.0,0.0,219.8000030517578,7321.5384,4900.0,0.013797774369460045,โซนวันเว้นวัน - วันนี้ข้าม
2026-09-18,AMZN,28.4,buy_every_other,buy,False,0.0,0.0,253.6199951171875,8448.0824,4900.0,0.011875428900437059,โซนวันเว้นวัน - วันนี้ข้าม
2026-09-18,GOOGL,28.4,buy_every_other,buy,False,0.0,0.0,349.9800109863281,11657.8346,4900.0,0.008827643016683838,โซนวันเว้นวัน - วันนี้ข้าม
2026-09-18,BRK-B,28.4,buy_every_other,buy,False,0.0,0.0,509.0400085449219,16956.1234,4900.0,0.005915789105698101,โซนวันเว้นวัน - วันนี้ข้าม
2026-09-21,SPY,34.5714285714286,buy_every_other,buy,True,0.001945,-50.0,773.8499755859375,25707.2971,4850.0,0.005897,ซื้อสำเร็จ
2026-09-21,VOO,34.5714285714286,buy_every_other,buy,True,0.002111,-50.0,713.125,23690.0134,4850.0,0.00641,ซื้อสำเร็จ
2026-09-21,QQQ,34.5714285714286,buy_every_other,buy,True,0.002032,-50.0,740.5599975585938,24601.404,4850.0,0.006247,ซื้อสำเร็จ
2026-09-21,AAPL,34.5714285714286,buy_every_other,buy,True,0.004442,-50.0,338.8406982421875,11256.2884,4850.0,0.013477,ซื้อสำเร็จ
2026-09-21,MSFT,34.5714285714286,buy_every_other,buy,True,0.00302,-50.0,498.35009765625,16555.1909,4850.0,0.009109,ซื้อสำเร็จ
2026-09-21,NVDA,34.5714285714286,buy_every_other,buy,True,0.006619,-50.0,227.41000366210938,7554.5606,4850.0,0.020416,ซื้อสำเร็จ
2026-09-21,AMZN,34.5714285714286,buy_every_other,buy,True,0.005827,-50.0,258.2900085449219,8580.3944,4850.0,0.017703,ซื้อสำเร็จ
2026-09-21,GOOGL,34.5714285714286,buy_every_other,buy,True,0.004235,-50.0,355.3599853515625,11805.0591,4850.0,0.013063,ซื้อสำเร็จ
2026-09-21,BRK-B,34.5714285714286,buy_every_other,buy,True,0.00298,-50.0,505.0,16776.1006,4850.0,0.008896,ซื้อสำเร็จ
